t,x1_x2_x3_1,x1_x2_x3_2,x1_x2_x3_3,xhat1_xhat2_xhat3_1,xhat1_xhat2_xhat3_2,xhat1_xhat2_xhat3_3,u
0,1,1,1,0,0,0,0
0.01,0.99,1.01,1.01,0.300000000000335,6.920000000019,3.32000000000676,-250.420000000668
0.02,0.9803,1.0201,-1.48410000000668,0.534200000000527,11.7280000000299,3.21180000000395,-402.59960000099
0.03,0.945852999999933,1.00525899999993,-5.47485300001651,0.689464000000547,14.8471300000347,0.869297999995879,-480.863450001073
0.04,0.872187409999769,0.950510469999768,-10.2086337900271,0.761284400000397,16.6300348600353,-2.79987540001442,-504.678383720999
0.05,0.752657323899503,0.848424132099497,-15.1343210799368,0.751330861000094,17.3694849352329,-7.11786179282489,-489.50876920903
0.06,0.586260966622145,0.697080921300129,-19.8610970785857,0.665523564721666,17.3074854405686,-11.5899773114562,-447.533167600925
0.07,0.375924776503845,0.498469950514272,-24.1238761653831,0.512534540882787,16.6430884886039,-15.8664113312305,-388.243526031601
0.08,0.127167519319936,0.257231188860441,-27.755103265035,0.302636807439098,15.5390848057867,-19.7108651262011,-318.945017227046
0.09,-0.152926863716813,-0.0203198437899096,-30.6618577808779,0.0468346335924975,14.1277286807367,-22.9749829876507,-245.171966993942
0.1,-0.456486904251256,-0.326938421598689,-32.8073652698844,-0.243780338148719,12.515629289476,-25.5776064251671,-171.033020451175
0.11,-0.775430818865074,-0.655012074297533,-34.1961605901293,-0.558492765468248,10.7879237877907,-27.4880337790995,-99.4967354938129
0.12,-1.10188380838907,-0.996973680198825,-34.862266580652,-0.887284663968999,9.01183212048958,-28.7125966577698,-32.6271119276459
0.13,-1.4284687980278,-1.34559634600535,-34.859854507726,-1.22104468059341,7.23968007452095,-29.2839743275348,28.2228725213626
0.14,-1.74849796714451,-1.69419489108261,-34.2559391643552,-1.55169076548728,5.51146543859564,-29.252760327439,82.2528766154289
0.15,-2.05608739944517,-2.03675428272616,-33.124734904379,-1.87222671394916,3.85703199984947,-28.6808745587418,129.086166891645
0.16,-2.34621300050006,-2.36800163176995,-31.5433609720733,-2.17674913090646,2.29790731062615,-27.6364809800889,168.665047488044
0.17,-2.61472235021079,-2.68343524149068,-29.5886369201075,-2.46041811896735,0.848852523234332,-26.190127596247,201.166613265822
0.18,-2.85831427240765,-2.97932161069175,-27.334753123078,-2.71940230192356,-0.480834032935635,-24.4118731848908,226.935340812187
0.19,-3.07449551819027,-3.25266914192253,-24.8516386159392,-2.95080657887927,-1.68622360053708,-22.3692054675869,246.429584688831
0.2,-3.26152199398586,-3.50118552808193,-22.2038797657299,-3.15258918377089,-2.76584311524746,-20.1255893165468,260.179515985528
0.21,-3.41833035176344,-3.72322432573923,-19.450069518779,-3.32347313632547,-3.72091405510257,-17.7395120557454,268.754438856015
0.22,-3.54446443991596,-3.91772502092702,-16.6424889215459,-3.46285595878784,-4.55472110649259,-15.2639167829846,272.737758578261
0.23,-3.6400000403331,-4.08414991014247,-13.8270409469663,-3.57072055178039,-5.27209096373061,-12.7459346088479,272.70816066367
0.24,-3.7054704489961,-4.22242031961214,-11.0433719290628,-3.6475493333991,-5.87896437060515,-10.2268433773928,269.225802255703
0.25,-3.74179475930681,-4.33285403890277,-8.3251285936074,-3.69424311518417,-6.38204692431145,-7.74219431225641,262.822521042722
0.26,-3.75021015005675,-4.41610532483884,-5.70030917802216,-3.71204568923986,-6.78852624476361,-5.32205955568036,253.995238765839
0.27,-3.73220903883584,-4.47310841661906,-3.19167580508033,-3.70247470925694,-7.10584490917402,-2.99136310727277,243.201880931253
0.28,-3.68948161610992,-4.50502517466986,-0.817202406049376,-3.66725914501821,-7.34152010093324,-0.770265539273111,230.859255648267
0.29,-3.62386400784822,-4.51319719873036,1.40946167100039,-3.6082833588381,-7.50300225628104,1.32542066655899,217.342436125448
0.3,-3.53729211098125,-4.49910258202035,3.47852747157026,-3.52753767969879,-7.59756614076577,3.28380302130856,202.985276273631
0.31,-3.43176099404592,-4.46431730730465,5.38361290795047,-3.42707522527647,-7.63222877502751,5.09648171915864,188.081759652623
0.32,-3.3092896450855,-4.41048117822515,7.1213080292511,-3.30897463421019,-7.61368947772063,6.75813317067812,172.887940848327
0.33,-3.17189077189128,-4.33926809793264,8.69076473387736,-3.1753083130818,-7.54828802127099,8.26611162179416,157.624287145279
0.34,-3.02154530911468,-4.25236045059386,10.0933145960327,-3.02811576824506,-7.44197752001458,9.62007385335614,142.478268655526
0.35,-2.86018125697206,-4.15142730463354,11.3321169276158,-2.86938157660748,-7.30030920429864,10.8216301752905,127.60707823012
0.36,-2.68965646255646,-4.03810613535738,12.4118379945481,-2.7010175474318,-7.12842669066842,11.8740235329425,113.140389662612
0.37,-2.51174495335985,-3.9139877554119,13.3383613885216,-2.52484863569113,-6.93106774800143,12.781837462212,99.1830848690645
0.38,-2.32812644040743,-3.78060414152668,14.1185288682188,-2.3426021836558,-6.71257189164658,13.5507328066604,85.8178987217793
0.39,-2.1403786229171,-3.63941885284449,14.7599104839239,-2.15590008894156,-6.47689242030101,14.1872124955634,73.1079447227375
0.4,-1.94997194561952,-3.49181974800525,15.2706024492551,-1.96625352239975,-6.22761175045577,14.6984132366304,61.0990963177116
0.41,-1.75826648221457,-3.3391137235127,15.6590509929796,-1.77505984655138,-5.96795910676991,15.0919226673426,49.8222078708994
0.42,-1.56651064264049,-3.1825232135829,15.9339002872885,-1.58360141364588,-5.70082979888548,15.3756203068411,39.2951665618281
0.43,-1.37584142691479,-3.02318421071002,16.1038624857623,-1.39304595100293,-5.42880546045945,15.5575405331513,29.5247720833322
0.44,-1.18728597351887,-2.8621455858524,16.1776078975238,-1.20444826942491,-5.15417474843772,15.6457557594166,20.5084453069828
0.45,-1.00176417507326,-2.70036950687716,16.1636733599013,-1.01875305767043,-4.87895410317346,15.6482779823317,12.2357702875544
0.46,-0.820092157972779,-2.53873277327815,16.0703869390403,-0.836798551914546,-4.6049082557774,15.5729769135431,4.68987630724488
0.47,-0.64298644542292,-2.37802890388774,15.9058071772568,-0.659320893558287,-4.33357024056463,15.4275129702514,-2.15133171486938
0.48,-0.471068644741894,-2.21897083211517,15.6776752102578,-0.486959011543992,-4.06626072976506,15.2192834863984,-8.31408505973591
0.49,-0.304870519744478,-2.0621940800126,15.3933781909155,-0.320259886408493,-3.80410655663025,14.9553806041249,-13.8277952841811
0.5,-0.144839327440433,-1.90826029810344,15.0599225745643,-0.159684072639865,-3.54805833327373,14.6425594114338,-18.7242202560647
0.51,0.00865668485401888,-1.7576610723578,14.683915940296,-0.00561137351289484,-3.29890710237904,14.2872150021556,-23.0367418638097
0.52,0.155322710559898,-1.61082191295484,14.2715561408078,0.141653421488998,-3.05729998845817,13.8953672452266,-26.799745311911
0.53,0.294931817756778,-1.46810635154676,13.8286266880215,0.281874812232758,-2.82375483563501,13.4726521596015,-30.0480902593952
0.54,0.427319448281857,-1.32982008466655,13.3604973915164,0.414880939241329,-2.59867383581253,13.0243188970387,-32.8166645096232
0.55,0.552378033231383,-1.19621511075138,12.8721293708116,0.540558062139052,-2.38235616428146,12.5552314362705,-35.1400114830104
0.56,0.670051766274872,-1.06749381704327,12.3680836600584,0.658845206586679,-2.17500964995959,12.0698741878187,-37.0520232719008
0.57,0.780331567549959,-0.943812980442682,11.8525327143979,0.769729012239594,-1.9767615150389,11.5723607983871,-38.5856916675208
0.58,0.883250263342939,-0.825287653298702,11.3292742109699,0.873238806571786,-1.7876682243071,11.0664455270578,-39.7729101459774
0.59,0.978878000185779,-0.711994911189003,10.8017466143344,0.969441922742277,-1.60772448817996,10.5555366423216,-40.6443203909087
0.6,1.06731790632541,-0.603977445045659,10.2730460460582,1.0584392739437,-1.43687146584753,10.0427113593382,-41.2291975050914
0.61,1.14870200865948,-0.501246984585077,9.74594406164582,1.14036119177272,-1.27500421617257,9.53073190088424,-41.5553686151177
0.62,1.22318740910275,-0.403787543968618,9.22290599518649,1.21536353201214,-1.1219784443072,9.02206232346486,-41.6491600973169
0.63,1.29095272087256,-0.311558484016754,8.70610958338208,1.28362404773373,-0.977616591605392,8.51888580231178,-41.5353691462322
0.64,1.35219476228893,-0.224497388182933,8.1974636264056,1.34533902674383,-0.841713315461448,8.02312211581518,-41.2372558673388
0.65,1.40712550330721,-0.142522751918877,7.6986264837045,1.40072018803064,-0.71404040433105,7.53644511168421,-40.7765525024723
0.66,1.45596925807811,-0.0655364870818317,7.21102423880435,1.44999182996984,-0.594351171500206,7.06029997417428,-40.1734867896524
0.67,1.49896011530459,0.00657375530621181,6.73586839877815,1.49338822154467,-0.482384369249123,6.59592014442551,-39.4468168192236
0.68,1.53633959698628,0.0739324392939933,6.27417302170426,1.53115122668601,-0.3778676629861,6.14434377468701,-38.6138750765699
0.69,1.5683545352636,0.136674169511036,5.82677118950739,1.56352815098924,-0.28052070276125,5.70642962231166,-37.6906196594772
0.7,1.5952551564534,0.19494188140611,5.39433076440777,1.59076979947488,-0.190057827359502,5.28287231122944,-36.6916909271362
0.71,1.61729336096841,0.248885189050187,4.97736938512045,1.61312873369123,-0.106190433955782,4.8742169074673,-35.630472079547
0.72,1.63472118760024,0.298658882901392,4.57626867425478,1.63085771627524,-0.0286290441229868,4.48087277147829,-34.5191523825433
0.73,1.64778945059079,0.34442156964394,4.19128764134483,1.64420833106202,0.0429149051609269,4.10312666385467,-33.3687919466556
0.74,1.65674653799242,0.386334446057388,3.8225752768577,1.65342976693796,0.108727518938626,3.74115509268832,-32.189387139417
0.75,1.66183736000115,0.424560198825965,3.4701823416161,1.65876775384242,0.169091125562459,3.39503590064688,-30.9899358622933
0.76,1.66330243621729,0.459262022242126,3.13407236355353,1.66046363961966,0.224283159187383,3.06475909797572,-29.7785020569188
0.77,1.66137711112848,0.490602745877661,2.81413185979365,1.65875359678631,0.274575222622768,2.75023695431466,-28.5622789224016
0.78,1.65629088750384,0.518744064475598,2.51017980688925,1.65386794869638,0.320232311413732,2.45131336761596,-27.3476504276939
0.79,1.64826686782266,0.54384586254449,2.22197638583293,1.64603060504085,0.361512181637558,2.16777253273191,-26.1402507918665
0.8,1.63752129432453,0.56606562640282,1.94923103130682,1.6354585971019,0.398664845415008,1.89934693555429,-24.9450216819632
0.81,1.62426317875111,0.585557936715888,1.69160981670218,1.62236170368219,0.431932179551235,1.64572470106658,-23.7662669441922
0.82,1.60869401334311,0.60247403488291,1.44874220782755,1.60694215913989,0.461547634038847,1.40655632543384,-22.607704740728
0.83,1.59100755515453,0.616961456961185,1.22022721903966,1.5893944354724,0.487736028379498,1.1814608234077,-21.472517012396
0.84,1.57138967624183,0.629163729151582,1.00563900586452,1.56990509090167,0.510713424813917,0.970031322961919,-20.3633962279976
0.85,1.55001827277564,0.639220119210227,0.804531928108934,1.5486526779153,0.530687068597503,0.771840139277958,-19.2825894148758
0.86,1.52706322660122,0.647265438491316,0.616445117063291,1.52580770420788,0.547855386423844,0.5864433600447,-18.2319394933417
0.87,1.50268641323983,0.653429889661949,0.440906579729067,1.50153264044217,0.56240803498622,0.413384973585207,-17.2129239604994
0.88,1.47704175077232,0.65783895545924,0.277436872120022,1.47598196920848,0.574525992481872,0.25220057063231,-16.2266909874853
0.89,1.45027528447807,0.66061332418044,0.125552372633154,1.44930226999978,0.584381686610017,0.102420649692742,-15.2740930087559
0.9,1.42252530251484,0.661868847906772,-0.015231814697128,1.4216323354402,0.592139153296736,-0.0364264450916116,-14.3557178933505
0.91,1.39392247831758,0.6617165297598,-0.145399298525526,1.39310331440287,0.597954221002357,-0.164811925820449,-13.4719177964828
0.92,1.36459003576597,0.660262536774545,-0.265430152909902,1.36383887803102,0.601974716033898,-0.283204275910213,-12.6228357957997
0.93,1.33464393352155,0.657608235245446,-0.37579895860331,1.33395540503178,0.604340684800633,-0.392067253108406,-11.8084304205492
0.94,1.30419306526509,0.653850245659413,-0.47697310851786,1.30356218294699,0.605184629418742,-0.491858156500774,-11.0284981840518
0.95,1.27333947287461,0.649080514574234,-0.569411354360011,1.27276162241847,0.60463175349494,-0.583026334891841,-10.2826942305561
0.96,1.24217856987351,0.643386401030634,-0.653562572830488,1.24164948175803,0.602800215302462,-0.666011915264225,-9.57055120702668
0.97,1.21079937274774,0.636850775302329,-0.729864731151837,1.21031509940487,0.599801385909002,-0.741244731332379,-8.89149646888206
0.98,1.17928473798127,0.629552127990811,-0.798744033023092,1.17884163210631,0.595740110128339,-0.809143433491368,-8.24486772636562
0.99,1.14771160289141,0.62156468766058,-0.860614227396701,1.14730629689176,0.590714968448129,-0.870114762712687,-7.62992723525067
1,1.11615122855961,0.612958545386613,-0.91587606372203,1.11578061512669,0.584818538338605,-0.924552972150255,-7.04587463210299
1.01,1.0846694433512,0.603799784749392,-0.964916878498107,1.08433065713253,0.57813765357294,-0.972839381385702,-6.49185851046518
1.02,1.0533268856992,0.594150615964411,-1.00811029912279,1.05301728604162,0.570753660392287,-1.01534204935905,-5.96698683019685
1.03,1.02217924499398,0.584069512973183,-1.04581605211424,1.02189639972447,0.562742669529098,-1.05241555309644,-5.47033624788975
1.04,0.991277499572962,0.573611352452041,-1.07837986381253,0.991019169779873,0.554175803263158,-1.08440086035901,-5.00096045185032
1.05,0.960668150943378,0.562827553813916,-1.10613344264387,0.960432276718612,0.545119436827754,-1.1116252852956,-4.55789758067185
1.06,0.930393453498071,0.551766219387477,-1.12939453294787,0.930178140598714,0.535635433610181,-1.13440251708659,-4.14017679995037
1.07,0.900491639098631,0.540472274057998,-1.14846703123015,0.900295146485681,0.525781373702877,-1.15303271241715,-3.74682410728064
1.08,0.870997136004357,0.528987603745697,-1.16364115650949,0.870817864215681,0.515610775460326,-1.16780264341673,-3.37686743133281
1.09,0.841940781719175,0.517351192180602,-1.17519366718281,0.841777262033803,0.505173309803802,-1.17898589344828,-3.02934108658574
1.1,0.813350029412963,0.505599255508774,-1.18338811753323,0.813200913764256,0.494515007092098,-1.18684309382814,-2.7032896412011
1.11,0.785249147649372,0.493765374333441,-1.18847514765973,0.785113199245302,0.483678456442877,-1.19162219520632,-2.39777125157928
1.12,0.757659413219787,0.481880622856844,-1.19069280121226,0.757535497829553,0.472702997446982,-1.19355876793968,-2.11186051335769
1.13,0.730599296943269,0.469973694844722,-1.19026686587658,0.730486374810636,0.461624904268005,-1.19287632634934,-1.84465087500017
1.14,0.704084642345638,0.458071026185956,-1.18741123207092,0.703981760690719,0.450477562162334,-1.18978667227015,-1.5952566566912
1.15,0.678128837178016,0.446196913865247,-1.1823282657934,0.678035123250679,0.439291636491668,-1.18449025377678,-1.3628147139903
1.16,0.652742977776521,0.434373631207313,-1.17520919199807,0.652657632426099,0.428095234331071,-1.17717653541033,-1.14648578262305
1.17,0.62793602630101,0.422621539287332,-1.16623448528017,0.6278583180286,0.416914058801894,-1.16802437663243,-0.945455537882978
1.18,0.603714960922188,0.41095919443453,-1.15557426502045,0.603644220383427,0.405771556280649,-1.15720241560449,-0.758935399390057
1.19,0.58008491905354,0.399403451784326,-1.14338869247546,0.580020533981342,0.394689056652835,-1.14486945572805,-0.586163109394263
1.2,0.557049333747715,0.387969564859571,-1.12982836760896,0.556990744266094,0.383685906795167,-1.13117485269195,-0.426403110419475
1.21,0.534610063396671,0.376671281183482,-1.11503472373987,0.534556757698339,0.372779597481063,-1.11625890005435,-0.278946745809903
1.22,0.512767514891339,0.365520933946083,-1.0991404183369,0.512719025253328,0.361985883912978,-1.10025321164382,-0.143112304660958
1.23,0.491520760410143,0.354529529762714,-1.08226971852122,0.491476659523227,0.351318900091573,-1.08328109929753,-0.0182449306828414
1.24,0.470867648016728,0.343706832577502,-1.06453888004758,0.470827545605862,0.340791267236058,-1.06545794466499,0.0962835872486605
1.25,0.450804906255918,0.333061443777026,-1.04605651872307,0.450768445970354,0.330414196472603,-1.04689156399706,0.201075126761306
1.26,0.431328242943568,0.322600878589795,-1.02692397339269,0.431295099496646,0.320197586008729,-1.02768256501195,0.296705631318192
1.27,0.41243243835077,0.312331638855868,-1.00723565977378,0.41240231489067,0.310150113011316,-1.00792469508469,0.383725584072162
1.28,0.394111432986017,0.30225928225813,-0.987079414558204,0.39408405868004,0.300279320404362,-0.987705180145367,0.462660544408824
1.29,0.376358410180715,0.292388488112548,-0.966536829323371,0.376333537996779,0.290591698800272,-0.967105053795893,0.534011736544685
1.3,0.359165873683867,0.282723119819315,-0.94568357390244,0.359143278354065,0.281092763775151,-0.946199476265814,0.598256680649693
1.31,0.342525720471165,0.27326628408029,-0.924589708960532,0.342505196623266,0.271787128694721,-0.925058042926214,0.655849857974642
1.32,0.326429308972136,0.264020386990685,-0.903319987609575,0.326410669415908,0.26267857329292,-0.903745082168287,0.707223402388861
1.33,0.310867522916598,0.254987187114589,-0.881934145969776,0.310850597072776,0.253770108200336,-0.882319942530179,0.752787811579201
1.34,0.295830830998568,0.246167845654891,-0.860487182651995,0.295815463459165,0.245064035614284,-0.860837269023589,0.79293267193272
1.35,0.281309342552077,0.237562973828371,-0.83902962719305,0.281295391761567,0.236562006296718,-0.839347268670922,0.828027391828031
1.36,0.267292859429105,0.229172677556441,-0.817607797526272,0.267280196476779,0.228265073080338,-0.817895965315504,0.858421938699045
1.37,0.25377092426526,0.220996599581178,-0.79626404661289,0.253759431779786,0.220173741057276,-0.796525443812031,0.884447575814791
1.38,0.240732865313826,0.213033959115049,-0.775036998396989,0.240722436451712,0.212288014618635,-0.775274083742845,0.906417595244433
1.39,0.228167838023579,0.205283589131079,-0.753961773278274,0.228158375543884,0.204607441507032,-0.754176782838382,0.924628043952062
1.4,0.216064863530325,0.197743971398297,-0.733070203323349,0.216056278948531,0.197131154038143,-0.733265170307747,0.939358440394734
1.41,0.204412864226485,0.190413269365063,-0.712391037458203,0.204405077041021,0.189857907641082,-0.712567810308403,0.950872479384076
1.42,0.193200696567373,0.183289358990481,-0.691950136902479,0.193193633552756,0.182786116861409,-0.692110395802916,0.95941872331943
1.43,0.182417181267001,0.176369857621456,-0.67177066112045,0.182410775828057,0.175913888964533,-0.671915933065934,0.965231278212519
1.44,0.172051131030457,0.169652151010252,-0.651873244574691,0.17204532261252,0.169239055271368,-0.652004917116563,0.968530453202848
1.45,0.162091375964101,0.163133418564505,-0.632276164576711,0.162086109514485,0.162759200352326,-0.632395498360391,0.96952340251253
1.46,0.152526786799051,0.156810656918738,-0.612995500534528,0.152522012275476,0.156471689200064,-0.613103640731891,0.968404749011389
1.47,0.143346296057725,0.150680701913393,-0.594045284900694,0.14334196797972,0.150373692495889,-0.594143271632186,0.9653571887604
1.48,0.134538917287564,0.144740249064386,-0.575437646125815,0.134534994327205,0.144462210079361,-0.575526423959366,0.96055207607634
1.49,0.126093762480554,0.138985872603128,-0.557182943922506,0.126090207089175,0.138734092725448,-0.557263370529032,0.954149988814488
1.5,0.118000057791718,0.133414043163902,-0.539289897143074,0.117996835859515,0.133186062328501,-0.539362751181709,0.946301273701877
1.51,0.110247157664453,0.128021144192472,-0.521765704571346,0.110244238210169,0.12781473058753,-0.521831692871388,0.937146571672046
1.52,0.10282455746545,0.122803487146758,-0.504616158925063,0.102821912353537,0.122616616282464,-0.504675923025979,0.926817323255557
1.53,0.0957219047268908,0.117757325557508,-0.487845754360321,0.0957195084097802,0.117588161226649,-0.48789987646596,0.915436254170229
1.54,0.0889290090887498,0.112878868013904,-0.471457787763866,0.0889268383720582,0.112725744976394,-0.471506796162258,0.903117841331883
1.55,0.0824358510293361,0.108164290136266,-0.45545445411263,0.0824338848580019,0.108025698374278,-0.455498828108373,0.88996875957248
1.56,0.0762325894676231,0.103609745595139,-0.439836936173054,0.0762308087311584,0.103484315998827,-0.439877110575249,0.876088309408269
1.57,0.0703095683165401,0.0992113762334089,-0.424605488805338,0.0703079556717222,0.0990978675894097,-0.424641858010375,0.861568826247429
1.58,0.064657322062156,0.0949653213453555,-0.409759518130142,0.0646558617716294,0.0948626085114462,-0.409792439835213,0.846496071465527
1.59,0.0592665804396114,0.0908677261640541,-0.395297655807278,0.0592652582250026,0.0907747893235379,-0.395327454387428,0.830949605808649
1.6,0.0541282722727464,0.0869147496059813,-0.381217828667838,0.0541270751810109,0.0868306645047564,-0.381244798246496,0.815003145609288
1.61,0.0492335285406131,0.0831025713193029,-0.367517323932947,0.0492324448224464,0.083026500397101,-0.367541731173281,0.798724902319636
1.62,0.0445736847304714,0.0794273980799735,-0.354192850244035,0.0445727037297147,0.0793585824150818,-0.354214936886096,0.782177905881393
1.63,0.0401402825334216,0.0758854695775331,-0.341240594721181,0.0401393945864864,0.0758232215714573,-0.341260579887608,0.765420312461294
1.64,0.0359250709355414,0.0724730636303213,-0.328656276257806,0.0359242672799612,0.0724167603653726,-0.328674358548865,0.748505697087741
1.65,0.0319200067542525,0.0691865008677433,-0.316435195251744,0.0319192794455474,0.0691355780764988,-0.316451554648665,0.731483331726664
1.66,0.02811725466665,0.0660221489152258,-0.304572279964605,0.0281165965027613,0.0659760955062516,-0.304587079558481,0.714398449334559
1.67,0.0245091867736709,0.0629764261155798,-0.293062129693309,0.0245085912262879,0.0629347792047766,-0.293075517255315,0.697292494423847
1.68,0.0210883817412644,0.0600458048186467,-0.281899054929826,0.0210878428934239,0.0600081452201143,-0.281911164337116,0.680203360670658
1.69,0.0178476235571409,0.0572268142693484,-0.271077114677448,0.0178471360465364,0.0571927624037997,-0.271088067207805,0.663165616088266
1.7,0.0147798999392236,0.054516043122574,-0.260590151084404,0.014779458906709,0.0544852553051046,-0.260600056591562,0.646210716280834
1.71,0.0118784004295951,0.0519101416117299,-0.2504318215483,0.0118780014724136,0.0518823066841902,-0.250440779528787,0.629367206282239
1.72,0.00913651420552019,0.0494058233962469,-0.24059562843776,0.00913615333483188,0.0493806596725984,-0.24060372899915,0.612660911473699
1.73,0.00654782763703218,0.0469998671118693,-0.23107494657072,0.00654750123935023,0.04697711960777,-0.231082271310285,0.596115118061973
1.74,0.00410612161858434,0.0446891176461621,-0.221863048582156,0.00410582642076496,0.0446685555666263,-0.221869671384103,0.579750743587177
1.75,0.00180536870039109,0.0424704871603406,-0.212953128307539,0.00180510173785445,0.0424519016216954,-0.212959116066297,0.563586497915985
1.76,-0.000360269956692124,0.0403409558772652,-0.204338322302097,-0.000360511368804617,0.040324157841786,-0.204343735578419,0.547639035162203
1.77,-0.00239644778057926,0.0382975726542442,-0.196011729609909,-0.00239666607357896,0.0382823910578202,-0.196016623225963,0.531923096962685
1.78,-0.00430863612106676,0.0363374553581451,-0.187966429891098,-0.0043088334964671,0.0363237354131186,-0.187970853470161,0.516451647522256
1.79,-0.00610212769755641,0.0344577910592341,-0.180195500009802,-0.00610230614861927,0.0344453927161874,-0.180199498465646,0.501236000826958
1.8,-0.0077820401437033,0.0326558360591361,-0.17269202918025,-0.00778220147498448,0.0326446326128859,-0.172695643160867,0.486285940410501
1.81,-0.00935331963263173,0.0309289157673336,-0.165449132763159,-0.00935346547770911,0.0309187925937431,-0.165452399053042,0.471609832044474
1.82,-0.0108207445676107,0.029274424439702,-0.158459964799736,-0.0108208764051621,0.0292652778511481,-0.158462916684535,0.45721472970859
1.83,-0.0121889293242558,0.0276898247917046,-0.151717729365859,-0.0121890484926388,0.0276815610001588,-0.15172039696291,0.443106475183193
1.84,-0.0134623280314293,0.0261726474980461,-0.145215690824534,-0.0134624357419002,0.0261651816757399,-0.145218101382415,0.429289791592353
1.85,-0.0146452383790461,0.0247204905898007,-0.138947183050405,-0.0146453357277451,0.0247137460183746,-0.138949361220389,0.415768371212273
1.86,-0.0157418054419692,0.0233310187592967,-0.132905617695982,-0.0157418934207844,0.0233249260591681,-0.132907585778014,0.40254495784639
1.87,-0.0167560255100896,0.0220019625823369,-0.127084491565372,-0.0167561050165043,0.0219964590147891,-0.12708626973092,0.389621424055515
1.88,-0.0176917499155415,0.0207311176666831,-0.121477393157517,-0.017691821761559,0.0207261465018692,-0.121478999651463,0.376998843518675
1.89,-0.0185526888488059,0.019516343735108,-0.116078008437421,-0.0185527537690372,0.0195118536797953,-0.116079459760946,0.364677558787957
1.9,-0.019342415156204,0.0183555636507338,-0.110880125890465,-0.0193424738151965,0.0183515083301866,-0.110881436966693,0.352657244688681
1.91,-0.0200643681119845,0.0172467623918291,-0.105877640911659,-0.0200644211108618,0.0172430998807481,-0.105878825235681,0.340936967604601
1.92,-0.0207218571588614,0.0161879859827125,-0.10106455957866,-0.0207219050413382,0.0161846783806217,-0.101065629353391,0.329515240876607
1.93,-0.0213180656114708,0.0151773403869259,-0.0964350018544528,-0.0213181088693023,0.0151743534338267,-0.0964359681136554,0.318390076532537
1.94,-0.0218560543177859,0.0142129903683814,-0.0919832042628444,-0.0218560933957034,0.014210293096884,-0.0919840769825164,0.307559033555249
1.95,-0.0223387652740586,0.013293158325753,-0.0877035220772958,-0.0223388005742392,0.0132907227462475,-0.0877043102765152,0.297019262885998
1.96,-0.0227690251893504,0.01241612310498,-0.0835904310611478,-0.0227690570754654,0.012413923920732,-0.0835911428933656,0.286767549350471
1.97,-0.0231495489961749,0.0115802187943685,-0.079638528794932,-0.0231495777970553,0.011578233143714,-0.0796391716306109,0.276800350685484
1.98,-0.0234829433042007,0.0107838335064192,-0.0758425356242405,-0.0234829693171562,0.0107820407295,-0.0758431161256528,0.267113833835405
1.99,-0.0237717097943591,0.0100254081501768,-0.0721972952595157,-0.0237717332881829,0.0100237895778952,-0.0721978194484402,0.257703908678768
2,-0.0240182485510671,0.00930343519758163,-0.0686977750571293,-0.0240182697687565,0.00930197396067159,-0.0686982483761151,0.248566259337275
2.01,-0.024224861330617,0.00861645744701034,-0.0653390660092336,-0.0242248804918357,0.00861513830332138,-0.0653394933770388,0.239696373211558
2.02,-0.024393754764097,0.007963066786918,-0.0621163824680855,-0.0243937720674038,0.00796187596518424,-0.0621167683298404,0.231089567880456
2.03,-0.024527043493496,0.00734190296223715,-0.0590250616288617,-0.0245270591183621,0.00734082802076857,-0.0590254100014554,0.222741015993417
2.04,-0.0246267532399146,0.00675165234594853,-0.0560605627933942,-0.0246267673485496,0.00675068204482771,-0.0560608773065357,0.214645768278685
2.05,-0.0246948238030503,0.00619104671801459,-0.0532184664357544,-0.0246948365420535,0.00619017090351595,-0.053218750369119,0.2067987747834
2.06,-0.0247331119913468,0.00565886205365704,-0.0504944730892026,-0.0247331234932026,0.00565807155372659,-0.050494729406033,0.199194904455438
2.07,-0.0247433944824119,0.00515391732276502,-0.047884402072683,-0.0247434048668422,0.00515320385250833,-0.0478846334501825,0.19182896317085
2.08,-0.0247273706134905,0.00467507330203819,-0.0453841900737924,-0.0247273799886781,0.00467442937826379,-0.0453843989306136,0.184695710305047
2.09,-0.0246866651019586,0.00422123140130026,-0.0429898896039633,-0.0246866735656544,0.00422065026525557,-0.0429900781250691,0.17778987394048
2.1,-0.0246228306959591,0.00379133250526063,-0.0406976673404928,-0.0246228383364833,0.00379080805277947,-0.0406978374996386,0.171106164798354
2.11,-0.0245373507554448,0.0033843558318557,-0.0385038023689991,-0.0245373576525927,0.00338388255021036,-0.0385039559490628,0.164639288977055
2.12,-0.0244316417640259,0.00299931780816571,-0.0364046843389015,-0.0244316479898871,0.00299889071898316,-0.0364048229502664,0.158383959575275
2.13,-0.0243070557721344,0.00263527096477669,-0.0343968115435964,-0.0243070613918337,0.00263488557244003,-0.0343969366407721,0.152334907273367
2.14,-0.0241648827721277,0.00229130284934073,-0.0324767889361312,-0.024164887844495,0.00229095509435125,-0.0324769018327804,0.146486889942298
2.15,-0.0240063530060465,0.00196653495997942,-0.0306413260903601,-0.0240063575842227,0.0019662211768049,-0.0306414279728832,0.140834701345524
2.16,-0.0238326392068291,0.00166012169907582,-0.0288872351168017,-0.0238326433388142,0.00165983857805558,-0.028887327056618,0.13537317899534
2.17,-0.0236448587738606,0.0013712493479078,-0.0272114285416988,-0.0236448625030086,0.00137099390082607,-0.0272115115063469,0.130097211221662
2.18,-0.0234440758838003,0.00109913506249081,-0.025610917157107,-0.0234440792492675,0.00109890459146681,-0.0256109920202789,0.125001743507769
2.19,-0.0232313035376954,0.000843025890919742,-0.0240828078492084,-0.0232313065748448,0.000842817960296542,-0.0240828753998182,0.12008178414434
2.2,-0.0230075055454336,0.000602197812427658,-0.0226243014114545,-0.0230075082862013,0.000602010223371969,-0.0226243623618348,0.115332409250006
2.21,-0.0227735984486395,0.000375954798313113,-0.0212326903485914,-0.0227736009218653,0.000375785565865862,-0.0212327453419003,0.110748767203799
2.22,-0.0225304533831526,0.000163627894827199,-0.0199053566771012,-0.0225304556148792,0.0001634752271695,-0.0199054062940163,0.106326082532085
2.23,-0.0222788978822605,-3.54256719438133e-05,-0.0186397697271128,-0.0222788998960038,-3.55633922222883e-05,-0.0186398144918794,0.102059659290016
2.24,-0.0220197176218865,-0.000221823369214941,-0.0174334839503804,-0.0220197194388796,-0.000221947602037659,-0.0174335243362773,0.0979448839750616
2.25,-0.0217536581089525,-0.000396158208718745,-0.0162841367385103,-0.0217536597483668,-0.000396270271808267,-0.0162841731727876,0.0939772280078521
2.26,-0.0214814263141586,-0.000558999576103848,-0.015189446255221,-0.0214814277933031,-0.000559100658789388,-0.015189479123562,0.0901522498134087
2.27,-0.0212036922504276,-0.000710894038656058,-0.0141472092860568,-0.0212036935849293,-0.000710985214345226,-0.0141472389366084,0.0864655965337346
2.28,-0.0209210904982796,-0.000852366131516626,-0.013155299108632,-0.0209210917022463,-0.000852448368959857,-0.0131553258556464,0.0829130054007936
2.29,-0.0206342216794004,-0.000983919122602946,-0.0122116633861681,-0.0206342227655678,-0.000983993296067185,-0.0122116875132919,0.0794903047970735
2.3,-0.020343653879674,-0.00110603575646463,-0.0113143220867877,-0.0203436548595392,-0.00110610265492129,-0.0113143438500336,0.0761934150291666
2.31,-0.0200499240229484,-0.0012191789773325,-0.0104613654307575,-0.0200499249068892,-0.00121923931275507,-0.0104613850611879,0.0730183488381859
2.32,-0.019753539196797,-0.00132379263164008,-0.00965095186761469,-0.0197535399941811,-0.00132384704649708,-0.00965096957376603,0.0699612116692576
2.33,-0.0194549779315373,-0.00142030215031623,-0.00888130608487877,-0.0194549786508199,-0.00142035122433744,-0.00888132205495085,0.067018201720896
2.34,-0.0191546914337553,-0.00150911521116501,-0.00815071704982735,-0.0191546920825682,-0.00150915946745113,-0.00815073145366079,0.0641856097936784
2.35,-0.0188531047755785,-0.00159062238166329,-0.00745753608561559,-0.0188531053608096,-0.00159066229220238,-0.00745754907647755,0.0614598189563451
2.36,-0.0185506180409231,-0.00166519774251944,-0.00680017498282925,-0.0185506185687888,-0.00166523373316785,-0.00680018669902607,0.0588373040462391
2.37,-0.0182476074299329,-0.00173319949234774,-0.00617710414738896,-0.0182476079060436,-0.00173323194732692,-0.00617711471372239,0.056314631019832
2.38,-0.0179444263228081,-0.00179497053382163,-0.0055868507855637,-0.0179444267522267,-0.00179499979977813,-0.00558686031464587,0.0538884561680326
2.39,-0.0176414063042076,-0.00185083904167726,-0.00502799712670417,-0.0176414066915031,-0.00185086543134784,-0.00502800572014488,0.0515555252099255
2.4,-0.0173388581493905,-0.0019011190129443,-0.00449917868417142,-0.0173388584986858,-0.00190114280846461,-0.00449918643365016,0.0493126722776615
2.41,-0.0170370727732444,-0.00194611079978602,-0.00399908255481198,-0.01703707308826,-0.00194613225567744,-0.00399908954304585,0.0471568188043105
2.42,-0.0167363221433276,-0.00198610162533414,-0.00352644575721647,-0.0167363224274206,-0.00198612097119987,-0.00352645205883401,0.04508497232564
2.43,-0.0164368601580332,-0.0020213660829063,-0.00308005360889459,-0.0164368604142326,-0.00202138352586497,-0.00308005929122466,0.0430942252060029
2.44,-0.0161389234909615,-0.00205216661899525,-0.00265873814240374,-0.0161389237220004,-0.00205218234587747,-0.00265874326618772,0.0411817532977673
2.45,-0.0158427324025663,-0.00207875400041929,-0.00226137656038193,-0.0158427326109106,-0.00207876817975028,-0.00226138118041663,0.0393448145430268
2.46,-0.0155484915201188,-0.00210136776602311,-0.00188688972935623,-0.0155484917079933,-0.00210138054981204,-0.00188689389507419,0.037580747525673
2.47,-0.01525639058701,-0.00212023666331667,-0.0015342407121264,-0.0152563907564218,-0.00212024818867153,-0.00153424446811977,0.0358869699813014
2.48,-0.0149666051823911,-0.00213557907043793,-0.00120243333845846,-0.014966605335151,-0.002135589461023,-0.00120243672495177,0.0342609772718487
2.49,-0.0146792974121278,-0.00214760340382252,-0.000890510813764144,-0.0146792975498695,-0.00214761277117355,-0.000890513867041139,0.0327003408313152
2.5,-0.0143946165720229,-0.00215650851196016,-0.000597554365389801,-0.01439461669622,-0.00215651695667133,-0.000597557118178568,0.0312027065884293
2.51,-0.0141126997842363,-0.00216248405561406,-0.000322681926090813,-0.0141126998962183,-0.00216249166840895,-0.000322684407911432,0.0297657933716343
2.52,-0.0138336726078125,-0.00216571087487496,-6.5046854225843e-05,-0.0138336727087785,-0.00216571773757305,-6.50490917041209e-05,0.0283873913013394
2.53,-0.0135576496241985,-0.00216636134341722,0.00017616330983231,-0.0135576497152301,-0.0021663675298059,0.000176161292681724,0.0270653601739626
2.54,-0.0132847349986162,-0.0021645997103189,0.000401728051605269,-0.0132847350806892,-0.00216460528694033,0.000401726233123364,0.0257976278419125
2.55,-0.0130150230181279,-0.00216058242980285,0.000612395055301963,-0.0130150230921223,-0.00216058745666393,0.000612393415954812,0.0245821885932853
2.56,-0.0127485986072123,-0.00215445847924983,0.00080888134208574,-0.012748598673922,-0.00215446301046272,0.000808879864256445,0.0234171015347329
2.57,-0.0124855378216472,-0.00214636966582897,0.000991874374427215,-0.0124855378817881,-0.002146373750189,0.000991873042228172,0.0223004889806303
2.58,-0.01222590832147,-0.0021364509220847,0.00116203312717267,-0.0122259083756878,-0.00213645460359175,0.00116203192627617,0.021230534851387
2.59,-0.0119697698237688,-0.00212483059081297,0.00131998912597311,-0.0119697698726459,-0.00212483390914183,0.00131998804345853,0.020205483083474
2.6,-0.0117171745360337,-0.00211163069955324,0.00146634745373186,-0.0117171745800953,-0.00211163369047794,0.00146634647794772,0.0192236360534787
2.61,-0.0114681675707757,-0.00209696722501592,0.00160168772573827,-0.0114681676104954,-0.00209696992079253,0.00160168684617782,0.0182833530182742
2.62,-0.0112227873421028,-0.00208095034775854,0.00172656503416331,-0.0112227873779078,-0.00208095277747045,0.00172656424135232,0.01738304857316
2.63,-0.0109810659449192,-0.00206368469741691,0.0018415108625981,-0.0109810659771947,-0.00206368688728634,0.00184151014799358,0.0165211911296367
2.64,-0.0107430295173948,-0.00204526958879092,0.00194703397132015,-0.0107430295464882,-0.00204527156245989,0.00194703332721897,0.015696301414281
2.65,-0.0105086985873337,-0.00202579924907772,0.00204362125397394,-0.0105086986135582,-0.00202580102786143,0.00204362067343045,0.0149069509900171
2.66,-0.0102780884030473,-0.00200536303653798,0.00213173856635282,-0.0102780884266854,-0.00200536463965347,0.00213173804310449,0.0141517608009144
2.67,-0.0100512092493228,-0.00198404565087446,0.00221183152796767,-0.0100512092706292,-0.00198404709564672,0.00221183105636803,0.0134293997414951
2.68,-0.00982806674905667,-0.00196192733559478,0.00228432629708546,-0.00982806676826102,-0.00196192863764278,0.00228432587204361,0.0127385832513935
2.69,-0.00960866215110469,-0.00193908407262392,0.00234963031991664,-0.00960866216841406,-0.00193908524602827,0.00234962993684268,0.0120780719360783
2.7,-0.00939299260488343,-0.00191558776942476,0.00240813305462578,-0.00939299262048454,-0.00191558882687897,0.00240813270938159,0.0114466702142391
2.71,-0.0091810514222395,-0.0018915064388785,0.00246020667083342,-0.0091810514363007,-0.00189150739182545,0.00246020635968829,0.0108432249923175
2.72,-0.00897282832708638,-0.00186690437217017,0.00250620672527069,-0.00897282833975944,-0.00186690523092506,0.00250620644486125,0.0102666243665722
2.73,-0.00876830969329194,-0.00184184230491746,0.0025464728142403,-0.00876830970471372,-0.00184184307877882,0.00254647256153445,0.00971579635297096
2.74,-0.0085674787712837,-0.00181637757677506,0.00258132920352926,-0.00856747878157757,-0.00181637827412475,0.00258132897579355,0.00918970764511749
2.75,-0.00837031590382273,-0.00179056428473976,0.00261108543640964,-0.00837031591309992,-0.00179056491313325,0.00261108523117993,0.00868736240034484
2.76,-0.00817679873138218,-0.00176445343037567,0.0026360369203542,-0.00817679873974297,-0.00176445399662331,0.00263603673540918,0.00820780105403429
2.77,-0.007986902387551,-0.00173809306117212,0.00265646549308349,-0.00798690239508578,-0.00173809357141259,0.00265646532642077,0.00775009916215854
2.78,-0.00780059968486914,-0.00171152840624129,0.00267263996855079,-0.00780059969165942,-0.00171152886600768,0.00267263981836538,0.00731336627197903
2.79,-0.00761786129148625,-0.00168480200655578,0.00268481666346025,-0.0076178612976055,-0.00168480242083529,0.00268481652812509,0.00689674482078684
2.8,-0.00743865589902192,-0.00165795383992118,0.0026932399049024,-0.00743865590453636,-0.00165795421320887,0.00269323978295089,0.0064994090625166
2.81,-0.00726295038199246,-0.00163102144087216,0.00269814251968012,-0.00726295038696179,-0.00163102177721945,0.00269814240979031,0.00612056402202418
2.82,-0.00709070994915581,-0.00160404001567535,0.00269974630588612,-0.00709070995363386,-0.00160404031873376,0.00269974620686644,0.00575944447678076
2.83,-0.00692189828711383,-0.00157704255261649,0.00269826248728156,-0.0069218982911491,-0.00157704282567703,0.00269826239805802,0.00541531396569536
2.84,-0.00675647769649874,-0.00155005992774368,0.00269389215101336,-0.00675647770013496,-0.0015500601737724,0.00269389207061794,0.00508746382475045
2.85,-0.00659440922105863,-0.00152312100623354,0.00268682666919586,-0.00659440922433521,-0.0015231212279036,0.00268682659675605,0.00477521224910516
2.86,-0.0064356527699455,-0.00149625273954159,0.00267724810487028,-0.00643565277289797,-0.0014962529392621,0.00267724803959972,0.00447790338129577
2.87,-0.00628016723349789,-0.00146948025849288,0.00266532960284371,-0.00628016723615828,-0.00146948043843499,0.00266532954403365,0.0041949064251419
2.88,-0.00612791059279949,-0.00144282696246445,0.00265123576589683,-0.00612791059519666,-0.00144282712458477,0.00265123571290852,0.00392561478494594
2.89,-0.00597884002328454,-0.00141631460480548,0.00263512301683803,-0.00597884002544449,-0.00141631475086731,0.00263512296909578,0.00366944522955834
2.9,-0.00583291199265046,-0.0013899633746371,0.00261713994686913,-0.00583291199459666,-0.00138996350622947,0.00261713990385411,0.00342583708086592
2.91,-0.00569008235332876,-0.00136379197516841,0.00259742765071635,-0.00569008235508232,-0.00136379209372328,0.002597427611961,0.003194251426249
2.92,-0.00555030642975503,-0.00133781769866124,0.00257612004896831,-0.005550306431335,-0.00133781780546904,0.00257612001405123,0.00297417035454303
2.93,-0.00541353910067024,-0.00131205649817156,0.00255334419805083,-0.0054135391020938,-0.0013120565943951,0.00255334416659228,0.00276509621503114
2.94,-0.00527973487667633,-0.00128652305619105,0.00252922058825721,-0.00527973487795893,-0.00128652314287818,0.00252922055991497,0.00256655089899023
2.95,-0.00514884797326023,-0.00126123085030848,0.00250386343024072,-0.00514884797441582,-0.00126123092840342,0.0025038634047064,0.00237807514330441
2.96,-0.00502083237949262,-0.00123619221600607,0.00247738093036518,-0.00502083238053376,-0.00123619228635966,0.00247738090736088,0.00219922785565992
2.97,-0.00489564192259911,-0.00121141840670242,0.00244987555529801,-0.00489564192353714,-0.00121141847008132,0.00244987553457328,0.00202958546083125
2.98,-0.00477323032859415,-0.00118691965114944,0.00242144428621929,-0.00477323032943925,-0.00118691970824447,0.00242144426754847,0.00186874126756912
2.99,-0.00465355127916007,-0.00116270520828725,0.0023921788630098,-0.00465355127992145,-0.00116270525972088,0.00239217884618952,0.00171630485559797
3,-0.00453655846494678,-0.00113878341965715,0.00236216601876994,-0.00453655846563272,-0.00113878346599025,0.00236216600361697,0.00157190148223703
3.01,-0.00442220563546014,-0.00111516175946945,0.00233148770501147,-0.00442220563607811,-0.00111516180120737,0.00233148769136068,0.00143517150815542
3.02,-0.00431044664570082,-0.00109184688241933,0.00230022130785352,-0.00431044664625755,-0.00109184692001742,0.00230022129555614,0.00130576984177967
3.03,-0.00420123549970827,-0.0010688446693408,0.00226843985554439,-0.00420123550020982,-0.00106884470320932,0.00226843984446636,0.0011833654018714
3.04,-0.00409452639115866,-0.00104616027078536,0.00223621221762085,-0.00409452639161049,-0.00104616030129394,0.00223621220764136,0.00106764059780221
3.05,-0.00399027374115928,-0.00102379814860915,0.00220360329600695,-0.00399027374156632,-0.00102379817609084,0.00220360328701718,0.000958290827053251
3.06,-0.00388843223337602,-0.00100176211564908,0.00217067420834523,-0.00388843223374271,-0.00100176214040394,0.0021706742002471,0.000855023989473996
3.07,-0.00378895684662505,-0.000980055373565625,0.00213748246384354,-0.00378895684695538,-0.000980055395863999,0.00213748245654869,0.000757560017843608
3.08,-0.00369180288505412,-0.000958680548927189,0.00210408213191223,-0.00369180288535169,-0.000958680569012643,0.00210408212534105,0.000665630424280108
3.09,-0.00359692600603391,-0.000937639727608067,0.00207052400385736,-0.00359692600630197,-0.000937639745700039,0.00207052399793812,0.000578977862052231
3.1,-0.00350428224587466,-0.000916934487569493,0.00203685574788715,-0.00350428224611613,-0.00091693450386568,0.00203685574255522,0.000497355702356367
3.11,-0.00341382804347829,-0.000896565930090622,0.00200312205768045,-0.00341382804369582,-0.000896565944769131,0.00200312205287761,0.000420527625626237
3.12,-0.00332552026203192,-0.000876534709513817,0.0019693647947581,-0.00332552026222787,-0.000876534722735108,0.00196936479043189,0.000348267226952862
3.13,-0.0032393162088437,-0.000856841061566236,0.00193562312488977,-0.00323931620902021,-0.000856841073474863,0.00193562312099292,0.000280357635198651
3.14,-0.00315517365341793,-0.000837484830317339,0.00190193364876153,-0.00315517365357692,-0.00083748484104353,0.00190193364525148,0.000216591145398907
3.15,-0.00307305084386196,-0.000818465493829723,0.00186833052712156,-0.00307305084400517,-0.000818465503490799,0.00186833052395993,0.000156768864050662
3.16,-0.0029929065217135,-0.000799782188558508,0.00183484560061426,-0.00299290652184251,-0.000799782197260155,0.00183484559776649,0.000100700366899013
3.17,-0.00291469993527309,-0.000781433732552365,0.00180150850450593,-0.00291469993538929,-0.000781433740389795,0.0018015085019409,4.82033688374277e-05
3.18,-0.00283839085152257,-0.000763418647507306,0.0017683467784982,-0.00283839085162724,-0.000763418654566287,0.00176834677618785,-8.96594451189892e-07
3.19,-0.00276393956670714,-0.000745735179722324,0.00173538597181856,-0.00276393956680141,-0.000745735186080121,0.00173538596973763,-4.67664734790044e-05
3.2,-0.00269130691565481,-0.000728381320004138,0.00170264974377114,-0.00269130691573973,-0.000728381325730354,0.00170264974189685,-8.95660009195467e-05
3.21,-0.002620454279904,-0.000711354822566427,0.00167015995992415,-0.00262045427998049,-0.000711354827723758,0.00167015995823601,-0.000129447976905304
3.22,-0.00255134359470668,-0.000694653222967185,0.00163793678410453,-0.00255134359477557,-0.000694653227612111,0.00163793678258406,-0.000166558543995687
3.23,-0.0024839373549715,-0.00067827385512614,0.00160599876636418,-0.00248393735503355,-0.000678273859309535,0.00160599876499474,-0.000201037452148201
3.24,-0.00241819862020843,-0.000662213867462498,0.00157436292707654,-0.00241819862026432,-0.000662213871230191,0.00157436292584313,-0.000233018314015019
3.25,-0.00235409101853349,-0.000646470238191733,0.00154304483731637,-0.00235409101858383,-0.000646470241585006,0.0015430448362055,-0.000262628850880802
3.26,-0.00229157874978966,-0.000631039789818569,0.00151205869567056,-0.002291578749835,-0.000631039792874607,0.00151205869467006,-0.000289991129548099
3.27,-0.00223062658783716,-0.000615919202861864,0.00148141740162201,-0.002230626587878,-0.000615919205614163,0.00148141740072091,-0.000315221790468976
3.28,-0.0021711998820642,-0.000601105028845643,0.00145113262564386,-0.00217119988210098,-0.000601105031324373,0.0014511326248323,-0.000338432267413718
3.29,-0.00211326455816648,-0.000586593702589205,0.00142121487613637,-0.0021132645581996,-0.000586593704821538,0.00142121487540546,-0.000359728998958737
3.3,-0.00205678711824178,-0.000572381553827841,0.00139167356333363,-0.00205678711827162,-0.000572381555838255,0.00139167356267536,-0.000379213632068954
3.31,-0.00200173464024361,-0.000558464818194505,0.00136251706030305,-0.00200173464027048,-0.000558464820005049,0.0013625170597102,-0.000396983218041719
3.32,-0.00194807477683571,-0.000544839647591474,0.00133375276115571,-0.00194807477685991,-0.000544839649222007,0.00133375276062179,-0.000413130401071655
3.33,-0.00189577575368744,-0.000531502119979917,0.00130538713658161,-0.00189577575370923,-0.000531502121448324,0.00130538713610076,-0.000427743599688187
3.34,-0.00184480636724787,-0.000518448248614101,0.00127742578681931,-0.0018448063672675,-0.000518448249936494,0.00127742578638627,-0.000440907181311122
3.35,-0.00179513598203472,-0.000505673990745908,0.00124987349216573,-0.0017951359820524,-0.000505673991936796,0.00124987349177573,-0.000452701630161314
3.36,-0.00174673452747237,-0.000493175255824251,0.00122273426112754,-0.00174673452748829,-0.000493175256896705,0.00122273426077632,-0.000463203708757187
3.37,-0.00169957249431165,-0.000480947913212975,0.00119601137631221,-0.00169957249432599,-0.000480947914178766,0.00119601137599591,-0.000472486613220609
3.38,-0.00165362093066229,-0.000468987799449853,0.00116970743815262,-0.00165362093067521,-0.000468987800319584,0.00116970743786777,-0.000480620122608863
3.39,-0.00160885143766752,-0.000457290725068327,0.00114382440655601,-0.00160885143767915,-0.000457290725851547,0.00114382440629949,-0.000487670742483327
3.4,-0.00156523616484861,-0.000445852481002767,0.00111836364056425,-0.00156523616485908,-0.000445852481708075,0.00111836364033324,-0.000493701842917976
3.41,-0.00152274780514599,-0.000434668844597124,0.00109332593610937,-0.00152274780515543,-0.000434668845232267,0.00109332593590133,-0.000498773791145753
3.42,-0.00148135958968198,-0.000423735585236031,0.00106871156194488,-0.00148135958969048,-0.000423735585807983,0.00106871156175753,-0.00050294407903376
3.43,-0.00144104528226889,-0.000413048469616582,0.00104452029383037,-0.00144104528227654,-0.000413048470131627,0.00104452029366166,-0.000506267445572503
3.44,-0.00140177917368521,-0.000402603266678278,0.00102075144704401,-0.0014017791736921,-0.000402603267142076,0.00102075144689208,-0.000508795994558607
3.45,-0.00136353607574107,-0.000392395752207838,0.000997403907294417,-0.00136353607574727,-0.000392395752625485,0.000997403907157606,-0.000510579307644745
3.46,-0.0013262913151533,-0.000382421713134894,0.000974476160100869,-0.00132629131515889,-0.00038242171351098,0.000974476159977668,-0.000511664552924319
3.47,-0.00129002072724923,-0.000372676951533885,0.000951966318707919,-0.00129002072725426,-0.000372676951872544,0.000951966318596977,-0.000512096589214168
3.48,-0.00125470064951716,-0.000363157288346806,0.00092987215059802,-0.00125470064952169,-0.00036315728865176,0.000929872150498117,-0.000511918066191815
3.49,-0.00122030791502084,-0.000353858566840826,0.000908191102663186,-0.00122030791502492,-0.000353858567115428,0.000908191102573224,-0.000511169520540072
3.5,-0.00118681984569379,-0.000344776655814194,0.000886920325094337,-0.00118681984569746,-0.000344776656061465,0.000886920325013327,-0.000509889468245459
3.51,-0.00115421424552897,-0.000335907452563251,0.000866056694044655,-0.00115421424553228,-0.00033590745278591,0.000866056693971706,-0.000508114493193093
3.52,-0.00112246939367795,-0.000327246885622804,0.000845596833121012,-0.00112246939368092,-0.0003272468858233,0.000845596833055323,-0.000505879332195075
3.53,-0.00109156403747318,-0.000318790917291594,0.000825537133755395,-0.00109156403747586,-0.000318790917472133,0.000825537133696243,-0.000503216956585523
3.54,-0.00106147738538616,-0.00031053554595404,0.000805873774506154,-0.00106147738538857,-0.000310535546116606,0.00080587377445289,-0.000500158650510352
3.55,-0.00103218909993337,-0.000302476808208978,0.000786602739336908,-0.00103218909993555,-0.000302476808355359,0.000786602739288946,-0.000496734086035665
3.56,-0.00100367929054134,-0.000294610780815609,0.000767719834919003,-0.0010036792905433,-0.000294610780947415,0.000767719834875815,-0.000492971395194949
3.57,-0.000975928506381321,-0.000286933582466419,0.000749220707001551,-0.000975928506383085,-0.000286933582585101,0.000749220706962663,-0.000488897239089991
3.58,-0.000948917729183679,-0.000279441375396404,0.000731100855891308,-0.000948917729185267,-0.000279441375503268,0.00073110085585629,-0.000484536874157834
3.59,-0.000922628366041092,-0.000272130366837491,0.000713355651082888,-0.000922628366042523,-0.000272130366933714,0.000713355651051357,-0.000479914215710941
3.6,-0.000897042242209442,-0.000264996810326662,0.0006959803450782,-0.000897042242210729,-0.000264996810413304,0.000695980345049808,-0.00047505189885475
3.61,-0.000872141593914471,-0.00025803700687588,0.000678970086432337,-0.00087214159391563,-0.000258037006953894,0.000678970086406772,-0.00046997133688324
3.62,-0.000847909061171858,-0.000251247306011556,0.000662319932061664,-0.000847909061172902,-0.000251247306081801,0.000662319932038644,-0.000464692777248866
3.63,-0.000824327680627804,-0.00024462410669094,0.000646024858848327,-0.000824327680628744,-0.000244624106754188,0.0006460248588276,-0.000459235355200613
3.64,-0.000801380878426765,-0.000238163858102457,0.000630079774574019,-0.000801380878427611,-0.000238163858159405,0.000630079774555356,-0.000453617145180077
3.65,-0.000779052463112489,-0.000231863060356716,0.000614479528214429,-0.000779052463113252,-0.000231863060407993,0.000614479528197625,-0.000447855210062609
3.66,-0.000757326618568095,-0.000225718265074572,0.000599218919624524,-0.000757326618568782,-0.000225718265120741,0.000599218919609393,-0.000441965648327162
3.67,-0.000736187897000488,-0.000219726075878327,0.000584292708643516,-0.000736187897001106,-0.000219726075919898,0.000584292708629892,-0.000435963639235626
3.68,-0.000715621211974043,-0.000213883148791892,0.000569695623647158,-0.0007156212119746,-0.000213883148829321,0.000569695623634891,-0.000429863486099535
3.69,-0.000695611831498091,-0.00020818619255542,0.000555422369573853,-0.000695611831498592,-0.000208186192589121,0.000555422369562808,-0.000423678657709165
3.7,-0.00067614537117239,-0.000202631968859681,0.000541467635449915,-0.000676145371172842,-0.000202631968890025,0.000541467635439969,-0.000417421827997434
3.71,-0.000657207787394443,-0.000197217292505182,0.000527826101438248,-0.00065720778739485,-0.000197217292532503,0.000527826101429293,-0.000411104914008086
3.72,-0.000638785370632172,-0.0001919390314908,0.000514492445433681,-0.000638785370632538,-0.000191939031515398,0.000514492445425618,-0.000404739112235436
3.73,-0.000620864738765192,-0.000186794107036463,0.000501461349227173,-0.000620864738765521,-0.000186794107058611,0.000501461349219914,-0.000398334933400252
3.74,-0.000603432830497616,-0.000181779493544191,0.00048872750426017,-0.000603432830497913,-0.000181779493564132,0.000488727504253634,-0.000391902235724214
3.75,-0.000586476898845062,-0.00017689221850159,0.000476285616989442,-0.000586476898845329,-0.000176892218519544,0.000476285616983557,-0.000385450256762599
3.76,-0.000569984504698266,-0.000172129362331695,0.00046413041388189,-0.000569984504698507,-0.00017212936234786,0.000464130413876591,-0.00037898764385331
3.77,-0.000553943510465482,-0.000167488058192876,0.000452256646057904,-0.000553943510465699,-0.00016748805820743,0.000452256646053133,-0.000372522483237526
3.78,-0.000538342073795593,-0.000162965491732297,0.000440659093601092,-0.000538342073795788,-0.000162965491745401,0.000440659093596797,-0.000366062327905715
3.79,-0.000523168641383671,-0.000158558900796286,0.000429332569551378,-0.000523168641383846,-0.000158558900808084,0.000429332569547511,-0.000359614224220457
3.8,-0.000508411942860483,-0.000154265575100773,0.000418271923597734,-0.000508411942860642,-0.000154265575111394,0.000418271923594252,-0.000353184737365589
3.81,-0.000494060984767296,-0.000150082855864795,0.000407472045486086,-0.000494060984767439,-0.000150082855874358,0.000407472045482951,-0.000346779975669433
3.82,-0.00048010504461709,-0.000146008135409934,0.000396927868157235,-0.000480105044617218,-0.000146008135418543,0.000396927868154413,-0.000340405613847992
3.83,-0.000466533665043175,-0.000142038856728362,0.000386634370628984,-0.000466533665043291,-0.000142038856736112,0.000386634370626443,-0.000334066915212277
3.84,-0.000453336648036022,-0.000138172513022072,0.000376586580636004,-0.000453336648036126,-0.000138172513029049,0.000376586580633717,-0.000327768752882265
3.85,-0.000440504049268942,-0.000134406647215712,0.00036677957704038,-0.000440504049269035,-0.000134406647221993,0.000366779577038321,-0.000321515630048219
3.86,-0.000428026172513159,-0.000130738851445308,0.000357208492025179,-0.000428026172513243,-0.000130738851450963,0.000357208492023326,-0.000315311699318846
3.87,-0.000415893564142644,-0.000127166766525057,0.000347868513082833,-0.00041589356414272,-0.000127166766530148,0.000347868513081164,-0.000309160781193916
3.88,-0.000404097007728963,-0.000123688081394228,0.000338754884809564,-0.000404097007729031,-0.000123688081398812,0.000338754884808062,-0.000303066381697671
3.89,-0.000392627518726288,-0.000120300532546133,0.000329862910516607,-0.000392627518726349,-0.00012030053255026,0.000329862910515255,-0.000297031709208029
3.9,-0.000381476339246596,-0.000117001903440967,0.000321187953668438,-0.000381476339246651,-0.000117001903444683,0.00032118795366722,-0.000291059690515097
3.91,-0.00037063493292498,-0.000113790023904282,0.000312725439157784,-0.00037063493292503,-0.000113790023907628,0.000312725439156687,-0.000285152986141174
3.92,-0.000360094979874902,-0.000110662769512704,0.000304470854426708,-0.000360094979874947,-0.000110662769515717,0.000304470854425721,-0.000279314004953392
3.93,-0.000349848371733137,-0.000107618060968437,0.000296419750442653,-0.000349848371733178,-0.000107618060971149,0.000296419750441764,-0.000273544918098632
3.94,-0.000339887206794048,-0.000104653863464011,0.000288567742537872,-0.000339887206794084,-0.000104653863466453,0.000288567742537071,-0.00026784767228941
3.95,-0.000330203785232788,-0.000101768186038632,0.000280910511120319,-0.000330203785232821,-0.000101768186040831,0.000280910511119598,-0.000262224002468266
3.96,-0.000320790604416929,-9.89590809274288e-05,0.00027344380226366,-0.000320790604416959,-9.89590809294084e-05,0.000273443802263011,-0.000256675443876909
3.97,-0.000311640354305954,-9.62246429047922e-05,0.000266163428183706,-0.000311640354305981,-9.62246429065746e-05,0.000266163428183122,-0.00025120334355565
3.98,-0.000302745912937998,-9.35630086229551e-05,0.000259065267608217,-0.000302745912938022,-9.356300862456e-05,0.00025906526760769,-0.000245808871297362
3.99,-0.000294100342003156,-9.0972355946873e-05,0.000252145266046702,-0.000294100342003177,-9.0972355948318e-05,0.000252145266046228,-0.000240493030079409
4,-0.000285696882502626,-8.84509032864059e-05,0.000245399435966503,-0.000285696882502645,-8.84509032877068e-05,0.000245399435966077,-0.000235256665996009
4.01,-0.000277528950492908,-8.59969089267409e-05,0.00023882385688115,-0.000277528950492926,-8.59969089279121e-05,0.000238823856880766,-0.000230100477712483
4.02,-0.000269590132914238,-8.36086703579294e-05,0.000232414675356679,-0.000269590132914254,-8.36086703589837e-05,0.000232414675356333,-0.000225025025462285
4.03,-0.000261874183502387,-8.12845236043626e-05,0.00022616810494133,-0.000261874183502401,-8.12845236053115e-05,0.000226168104941019,-0.000220030739606411
4.04,-0.000254375018782926,-7.90228425549493e-05,0.000220080426023766,-0.000254375018782939,-7.90228425558034e-05,0.000220080426023486,-0.00021511792877448
4.05,-0.00024708671414703,-7.68220382947117e-05,0.000214147985624684,-0.000247086714147041,-7.68220382954804e-05,0.000214147985624432,-0.000210286787605643
4.06,-0.000240003500007842,-7.46805584384648e-05,0.000208367197126487,-0.000240003500007853,-7.46805584391566e-05,0.00020836719712626,-0.000205537404106891
4.07,-0.000233119758036421,-7.25968864672e-05,0.000202734539945384,-0.00023311975803643,-7.25968864678225e-05,0.00020273453994518,-0.000200869766645589
4.08,-0.000226430017476238,-7.05695410677461e-05,0.00019724655915013,-0.000226430017476247,-7.05695410683066e-05,0.000197246559149947,-0.000196283770592449
4.09,-0.000219928951535212,-6.85970754762448e-05,0.000191899865031349,-0.00021992895153522,-6.85970754767493e-05,0.000191899865031184,-0.000191779224630339
4.1,-0.000213611373854195,-6.66780768259313e-05,0.000186691132625207,-0.000213611373854201,-6.66780768263855e-05,0.000186691132625059,-0.000187355856743798
4.11,-0.000207472235050859,-6.48111654996793e-05,0.000181617101194999,-0.000207472235050865,-6.48111655000882e-05,0.000181617101194865,-0.000183013319903556
4.12,-0.000201506619337891,-6.29949944877293e-05,0.00017667457367402,-0.000201506619337897,-6.29949944880976e-05,0.000176674573673899,-0.000178751197459662
4.13,-0.000195709741214393,-6.12282487509891e-05,0.000171860416072928,-0.000195709741214398,-6.12282487513207e-05,0.00017186041607282,-0.000174569008256312
4.14,-0.000190076942229376,-5.95096445902598e-05,0.000167171556854616,-0.000190076942229381,-5.95096445905585e-05,0.000167171556854518,-0.000170466211480935
4.15,-0.000184603687816243,-5.78379290217136e-05,0.000162604986279455,-0.000184603687816247,-5.78379290219828e-05,0.000162604986279367,-0.000166442211259597
4.16,-0.000179285564197123,-5.62118791589191e-05,0.000158157755723631,-0.000179285564197127,-5.62118791591615e-05,0.000158157755723551,-0.000162496361010173
4.17,-0.000174118275355944,-5.46303016016828e-05,0.000153826976973114,-0.000174118275355948,-5.46303016019013e-05,0.000153826976973043,-0.000158627967564387
4.18,-0.000169097640079094,-5.30920318319516e-05,0.000149609821495706,-0.000169097640079097,-5.30920318321485e-05,0.000149609821495641,-0.000154836295069309
4.19,-0.000164219589062555,-5.15959336169946e-05,0.000145503519693416,-0.000164219589062558,-5.1595933617172e-05,0.000145503519693358,-0.000151120568678394
4.2,-0.00015948016208437,-5.01408984200604e-05,0.000141505360137358,-0.000159480162084372,-5.01408984202205e-05,0.000141505360137306,-0.000147479978041817
4.21,-0.000154875505241309,-4.87258448186868e-05,0.000137612688787165,-0.000154875505241311,-4.87258448188311e-05,0.000137612688787118,-0.000143913680605403
4.22,-0.000150401868248611,-4.73497179308152e-05,0.000133822908196866,-0.000150401868248613,-4.73497179309451e-05,0.000133822908196823,-0.000140420804727008
4.23,-0.00014605560180167,-4.60114888488465e-05,0.000130133476709011,-0.000146055601801672,-4.60114888489635e-05,0.000130133476708973,-0.000137000452618937
4.24,-0.000141833154998547,-4.47101540817564e-05,0.000126541907638754,-0.000141833154998548,-4.47101540818618e-05,0.00012654190763872,-0.000133651703124548
4.25,-0.000137731072822188,-4.34447350053689e-05,0.000123045768449486,-0.00013773107282219,-4.34447350054637e-05,0.000123045768449455,-0.000130373614336828
4.26,-0.00013374599368125,-4.2214277320874e-05,0.000119642679921516,-0.000133745993681251,-4.22142773209594e-05,0.000119642679921488,-0.000127165226066442
4.27,-0.00012987464700841,-4.10178505216588e-05,0.000116330315315219,-0.000129874647008411,-4.10178505217357e-05,0.000116330315315194,-0.000124025562166432
4.28,-0.000126113850915089,-3.98545473685067e-05,0.000113106399529969,-0.00012611385091509,-3.98545473685757e-05,0.000113106399529946,-0.000120953632720366
4.29,-0.000122460509901488,-3.8723483373207e-05,0.000109968708260096,-0.000122460509901489,-3.87234833732691e-05,0.000109968708260075,-0.000117948436100532
4.3,-0.000118911612620857,-3.7623796290606e-05,0.000106915067149025,-0.000118911612620858,-3.7623796290662e-05,0.000106915067149007,-0.000115008960902452
4.31,-0.00011546422969695,-3.65546456191158e-05,0.000103943350942698,-0.00011546422969695,-3.65546456191662e-05,0.000103943350942682,-0.000112134187761669
4.32,-0.000112115511593584,-3.55152121096888e-05,0.000101051482643272,-0.000112115511593584,-3.55152121097342e-05,0.000101051482643257,-0.000109323091058574
4.33,-0.000108862686535279,-3.4504697283256e-05,9.823743266406e-05,-0.00010886268653528,-3.4504697283297e-05,9.82374326640466e-05,-0.000106574640516757
4.34,-0.000105703058477933,-3.35223229566154e-05,9.54992179865868e-05,-0.000105703058477934,-3.35223229566523e-05,9.54992179865747e-05,-0.0001038878027001
4.35,-0.000102634005128509,-3.25673307767496e-05,9.28349013205876e-05,-0.000102634005128509,-3.25673307767827e-05,9.28349013205767e-05,-0.000101261542413672
4.36,-9.96529760127325e-05,-3.16389817635437e-05,9.024259026771e-05,-9.96529760127329e-05,-3.16389817635735e-05,9.02425902677003e-05,-9.86948240131509e-05
4.37,-9.67574905898007e-05,-3.07365558608666e-05,8.77204364896305e-05,-9.67574905898011e-05,-3.07365558608934e-05,8.77204364896218e-05,-9.61866126274122e-05
4.38,-9.39451364131084e-05,-2.98593514959703e-05,8.52666348812427e-05,-9.39451364131088e-05,-2.98593514959943e-05,8.52666348812349e-05,-9.37358752986224e-05
4.39,-9.12135673360338e-05,-2.90066851471579e-05,8.28794227495247e-05,-9.12135673360341e-05,-2.90066851471795e-05,8.28794227495176e-05,-9.13415820440161e-05
4.4,-8.85605017618179e-05,-2.81778909196626e-05,8.05570789986461e-05,-8.85605017618182e-05,-2.81778909196822e-05,8.05570789986397e-05,-8.90027068433819e-05
4.41,-8.59837209365951e-05,-2.73723201296762e-05,7.82979233218326e-05,-8.59837209365953e-05,-2.73723201296938e-05,7.82979233218268e-05,-8.67182285560248e-05
4.42,-8.34810672846449e-05,-2.65893408964578e-05,7.61003154004605e-05,-8.34810672846451e-05,-2.65893408964738e-05,7.61003154004553e-05,-8.44871317708718e-05
4.43,-8.10504427849473e-05,-2.58283377424532e-05,7.3962654110818e-05,-8.10504427849476e-05,-2.58283377424676e-05,7.39626541108133e-05,-8.23084075931982e-05
4.44,-7.86898073881402e-05,-2.50887112013451e-05,7.18833767389288e-05,-7.86898073881404e-05,-2.5088711201358e-05,7.18833767389245e-05,-8.01810543712862e-05
4.45,-7.63971774729881e-05,-2.43698774339558e-05,6.98609582037997e-05,-7.63971774729883e-05,-2.43698774339674e-05,6.98609582037959e-05,-7.810407836617e-05
4.46,-7.41706243414904e-05,-2.36712678519178e-05,6.78939102894209e-05,-7.41706243414905e-05,-2.36712678519284e-05,6.78939102894174e-05,-7.60764943675212e-05
4.47,-7.20082727517664e-05,-2.29923287490236e-05,6.59807808858131e-05,-7.20082727517665e-05,-2.29923287490332e-05,6.598078088581e-05,-7.40973262585285e-05
4.48,-6.99082994878729e-05,-2.23325209401654e-05,6.41201532393893e-05,-6.9908299487873e-05,-2.23325209401741e-05,6.41201532393864e-05,-7.21656075325248e-05
4.49,-6.78689319657215e-05,-2.16913194077715e-05,6.23106452128668e-05,-6.78689319657217e-05,-2.16913194077794e-05,6.23106452128642e-05,-7.02803817640017e-05
4.5,-6.58884468742784e-05,-2.10682129556429e-05,6.05509085549427e-05,-6.58884468742786e-05,-2.10682129556499e-05,6.05509085549403e-05,-6.84407030365013e-05
4.51,-6.39651688512434e-05,-2.04627038700934e-05,5.88396281799154e-05,-6.39651688512435e-05,-2.04627038700998e-05,5.88396281799133e-05,-6.66456363297578e-05
4.52,-6.20974691924194e-05,-1.98743075882943e-05,5.71755214574168e-05,-6.20974691924195e-05,-1.98743075882999e-05,5.71755214574149e-05,-6.48942578683968e-05
4.53,-6.02837645939969e-05,-1.93025523737201e-05,5.55573375123928e-05,-6.02837645939969e-05,-1.93025523737251e-05,5.55573375123911e-05,-6.31856554343086e-05
4.54,-5.8522515926993e-05,-1.87469789985962e-05,5.39838565354514e-05,-5.85225159269931e-05,-1.87469789986006e-05,5.39838565354499e-05,-6.1518928644809e-05
4.55,-5.68122270430986e-05,-1.82071404332417e-05,5.24538891036768e-05,-5.68122270430987e-05,-1.82071404332456e-05,5.24538891036755e-05,-5.98931891985154e-05
4.56,-5.51514436111999e-05,-1.76826015422049e-05,5.09662755119901e-05,-5.51514436111999e-05,-1.76826015422085e-05,5.09662755119889e-05,-5.83075610908292e-05
4.57,-5.3538751983856e-05,-1.7172938787085e-05,4.95198851151178e-05,-5.3538751983856e-05,-1.71729387870882e-05,4.95198851151167e-05,-5.67611808007964e-05
4.58,-5.19727780930277e-05,-1.66777399359338e-05,4.81136156802169e-05,-5.19727780930277e-05,-1.66777399359367e-05,4.8113615680216e-05,-5.52531974510545e-05
4.59,-5.0452186374365e-05,-1.61966037791317e-05,4.67463927501855e-05,-5.0452186374365e-05,-1.61966037791342e-05,4.67463927501847e-05,-5.37827729424643e-05
4.6,-4.89756787193758e-05,-1.57291398516298e-05,4.54171690176764e-05,-4.89756787193758e-05,-1.5729139851632e-05,4.54171690176757e-05,-5.23490820649836e-05
4.61,-4.75419934548115e-05,-1.5274968161453e-05,4.41249237098172e-05,-4.75419934548116e-05,-1.52749681614551e-05,4.41249237098166e-05,-5.09513125862223e-05
4.62,-4.61499043486171e-05,-1.48337189243549e-05,4.28686619836278e-05,-4.61499043486172e-05,-1.48337189243567e-05,4.28686619836272e-05,-4.95886653190836e-05
4.63,-4.47982196418085e-05,-1.44050323045186e-05,4.16474143321136e-05,-4.47982196418085e-05,-1.44050323045201e-05,4.16474143321131e-05,-4.82603541697987e-05
4.64,-4.34857811056512e-05,-1.39885581611975e-05,4.04602360010041e-05,-4.34857811056512e-05,-1.39885581611988e-05,4.04602360010036e-05,-4.69656061676241e-05
4.65,-4.22114631235281e-05,-1.35839558011874e-05,3.93062064160938e-05,-4.22114631235281e-05,-1.35839558011886e-05,3.93062064160935e-05,-4.57036614773906e-05
4.66,-4.09741717968966e-05,-1.31908937370265e-05,3.81844286211352e-05,-4.09741717968966e-05,-1.31908937370275e-05,3.81844286211349e-05,-4.44737733960236e-05
4.67,-3.97728440747473e-05,-1.28090494508151e-05,3.70940287262231e-05,-3.97728440747474e-05,-1.2809049450816e-05,3.70940287262229e-05,-4.32752083341348e-05
4.68,-3.86064469059902e-05,-1.24381091635529e-05,3.60341553666032e-05,-3.86064469059902e-05,-1.24381091635537e-05,3.6034155366603e-05,-4.21072457836805e-05
4.69,-3.74739764142043e-05,-1.20777676098869e-05,3.50039791718293e-05,-3.74739764142043e-05,-1.20777676098875e-05,3.50039791718292e-05,-4.0969178272676e-05
4.7,-3.63744570942019e-05,-1.17277278181686e-05,3.40026922451866e-05,-3.6374457094202e-05,-1.17277278181691e-05,3.40026922451864e-05,-3.98603113078723e-05
4.71,-3.5306941029866e-05,-1.13877008957167e-05,3.30295076532926e-05,-3.5306941029866e-05,-1.13877008957172e-05,3.30295076532925e-05,-3.87799633062802e-05
4.72,-3.42705071327358e-05,-1.10574058191838e-05,3.20836589257825e-05,-3.42705071327358e-05,-1.10574058191842e-05,3.20836589257824e-05,-3.77274655163541e-05
4.73,-3.32642604008233e-05,-1.0736569229926e-05,3.11643995649775e-05,-3.32642604008233e-05,-1.07365692299264e-05,3.11643995649774e-05,-3.67021619296231e-05
4.74,-3.2287331197157e-05,-1.04249252342762e-05,3.0271002565433e-05,-3.2287331197157e-05,-1.04249252342765e-05,3.02710025654329e-05,-3.57034091835181e-05
4.75,-3.13388745475595e-05,-1.01222152086218e-05,2.94027599432579e-05,-3.13388745475595e-05,-1.01222152086222e-05,2.94027599432579e-05,-3.47305764560905e-05
4.76,-3.04180694571758e-05,-9.82818760918927e-06,2.8558982275092e-05,-3.04180694571758e-05,-9.82818760918958e-06,2.8558982275092e-05,-3.37830453532884e-05
4.77,-2.95241182452813e-05,-9.54259778643835e-06,2.77389982466244e-05,-2.95241182452813e-05,-9.54259778643866e-06,2.77389982466244e-05,-3.28602097894261e-05
4.78,-2.86562458979095e-05,-9.2652078039721e-06,2.69421542105351e-05,-2.86562458979095e-05,-9.26520780397242e-06,2.69421542105351e-05,-3.19614758614268e-05
4.79,-2.78136994378459e-05,-8.99578626186675e-06,2.61678137537361e-05,-2.78136994378459e-05,-8.99578626186707e-06,2.6167813753736e-05,-3.10862617174157e-05
4.8,-2.69957473115517e-05,-8.73410812432939e-06,2.54153572737872e-05,-2.69957473115517e-05,-8.73410812432971e-06,2.54153572737872e-05,-3.02339974201887e-05
4.81,-2.62016787925827e-05,-8.47995455159152e-06,2.46841815643609e-05,-2.62016787925827e-05,-8.47995455159184e-06,2.46841815643608e-05,-2.94041248060568e-05
4.82,-2.54308034010875e-05,-8.23311273594791e-06,2.39736994096249e-05,-2.54308034010875e-05,-8.23311273594821e-06,2.39736994096248e-05,-2.85960973395431e-05
4.83,-2.46824503389695e-05,-7.99337574185166e-06,2.32833391874142e-05,-2.46824503389695e-05,-7.99337574185194e-06,2.32833391874142e-05,-2.78093799643741e-05
4.84,-2.39559679403159e-05,-7.76054234997752e-06,2.26125444810593e-05,-2.3955967940316e-05,-7.76054234997777e-06,2.26125444810593e-05,-2.70434489511926e-05
4.85,-2.3250723136699e-05,-7.53441690516692e-06,2.19607736997372e-05,-2.3250723136699e-05,-7.53441690516715e-06,2.19607736997372e-05,-2.6297791742383e-05
4.86,-2.25661009369677e-05,-7.31480916816955e-06,2.13274997072127e-05,-2.25661009369677e-05,-7.31480916816976e-06,2.13274997072127e-05,-2.55719067943848e-05
4.87,-2.19015039211562e-05,-7.10153417109742e-06,2.07122094588333e-05,-2.19015039211562e-05,-7.10153417109763e-06,2.07122094588333e-05,-2.48653034178441e-05
4.88,-2.12563517481447e-05,-6.89441207650909e-06,2.01144036466446e-05,-2.12563517481447e-05,-6.8944120765093e-06,2.01144036466446e-05,-2.41775016159378e-05
4.89,-2.06300806767154e-05,-6.69326804004264e-06,1.95335963524886e-05,-2.06300806767154e-05,-6.69326804004285e-06,1.95335963524886e-05,-2.3508031921172e-05
4.9,-2.00221430996562e-05,-6.49793207651776e-06,1.89693147089512e-05,-2.00221430996562e-05,-6.49793207651797e-06,1.89693147089511e-05,-2.28564352309536e-05
4.91,-1.94320070905736e-05,-6.30823892942825e-06,1.84210985680218e-05,-1.94320070905736e-05,-6.30823892942843e-06,1.84210985680217e-05,-2.22222626422062e-05
4.92,-1.88591559630819e-05,-6.12402794374803e-06,1.78885001773309e-05,-1.88591559630819e-05,-6.12402794374822e-06,1.78885001773309e-05,-2.16050752852805e-05
4.93,-1.83030878420469e-05,-5.94514294197472e-06,1.73710838638298e-05,-1.83030878420469e-05,-5.94514294197491e-06,1.73710838638298e-05,-2.10044441574118e-05
4.94,-1.77633152465677e-05,-5.77143210333642e-06,1.68684257247779e-05,-1.77633152465677e-05,-5.77143210333661e-06,1.68684257247779e-05,-2.04199499559324e-05
4.95,-1.72393646843886e-05,-5.60274784608864e-06,1.63801133259041e-05,-1.72393646843886e-05,-5.60274784608883e-06,1.6380113325904e-05,-1.98511829114594e-05
4.96,-1.67307762574418e-05,-5.4389467128296e-06,1.59057454066087e-05,-1.67307762574418e-05,-5.43894671282979e-06,1.59057454066086e-05,-1.92977426212496e-05
4.97,-1.62371032782268e-05,-5.27988925876351e-06,1.54449315920735e-05,-1.62371032782268e-05,-5.27988925876371e-06,1.54449315920734e-05,-1.87592378829029e-05
4.98,-1.57579118967416e-05,-5.12543994284278e-06,1.49972921121485e-05,-1.57579118967416e-05,-5.12543994284297e-06,1.49972921121484e-05,-1.82352865285853e-05
4.99,-1.52927807376853e-05,-4.97546702172129e-06,1.45624575268843e-05,-1.52927807376853e-05,-4.97546702172149e-06,1.45624575268842e-05,-1.77255152599261e-05
5,-1.48413005476627e-05,-4.82984244645245e-06,1.41400684585818e-05,-1.48413005476627e-05,-4.82984244645265e-06,1.41400684585817e-05,-1.72295594837386e-05
